year,region,field,tech_name,export_count,latitude,longitude,countries
2020,동남아시아,기타,소계,1980,10.0,110.0,"베트남, 태국, 인도네시아"
2020,중국,기타,소계,1813,35.0,104.0,중국
2020,일본,기타,소계,86,36.0,138.0,일본
2020,유럽,기타,소계,143,54.0,15.0,"독일, 프랑스, 영국"
2020,북미,기타,소계,485,45.0,-100.0,"미국, 캐나다"
2020,중동,기타,소계,53,25.0,45.0,"UAE, 사우디아라비아"
2020,남미,기타,소계,89,-15.0,-60.0,"브라질, 아르헨티나"
2020,아프리카,기타,소계,410,0.0,20.0,"남아프리카공화국, 이집트"
2020,동남아시아,기타,소계,2296,10.0,110.0,"베트남, 태국, 인도네시아"
2020,중국,기타,소계,2517,35.0,104.0,중국
2020,일본,기타,소계,206,36.0,138.0,일본
2020,유럽,기타,소계,190,54.0,15.0,"독일, 프랑스, 영국"
2020,북미,기타,소계,563,45.0,-100.0,"미국, 캐나다"
2020,중동,기타,소계,84,25.0,45.0,"UAE, 사우디아라비아"
2020,남미,기타,소계,126,-15.0,-60.0,"브라질, 아르헨티나"
2020,아프리카,기타,소계,317,0.0,20.0,"남아프리카공화국, 이집트"
2020,동남아시아,기타,소계,2872,10.0,110.0,"베트남, 태국, 인도네시아"
2020,중국,기타,소계,3167,35.0,104.0,중국
2020,일본,기타,소계,306,36.0,138.0,일본
2020,유럽,기타,소계,216,54.0,15.0,"독일, 프랑스, 영국"
2020,북미,기타,소계,731,45.0,-100.0,"미국, 캐나다"
2020,중동,기타,소계,117,25.0,45.0,"UAE, 사우디아라비아"
2020,남미,기타,소계,160,-15.0,-60.0,"브라질, 아르헨티나"
2020,아프리카,기타,소계,356,0.0,20.0,"남아프리카공화국, 이집트"
2020,동남아시아,감축,소계,1695,10.0,110.0,"베트남, 태국, 인도네시아"
2020,중국,감축,소계,1580,35.0,104.0,중국
2020,일본,감축,소계,75,36.0,138.0,일본
2020,유럽,감축,소계,123,54.0,15.0,"독일, 프랑스, 영국"
2020,북미,감축,소계,425,45.0,-100.0,"미국, 캐나다"
2020,중동,감축,소계,33,25.0,45.0,"UAE, 사우디아라비아"
2020,남미,감축,소계,76,-15.0,-60.0,"브라질, 아르헨티나"
2020,아프리카,감축,소계,344,0.0,20.0,"남아프리카공화국, 이집트"
2020,동남아시아,감축,소계,1876,10.0,110.0,"베트남, 태국, 인도네시아"
2020,중국,감축,소계,2070,35.0,104.0,중국
2020,일본,감축,소계,179,36.0,138.0,일본
2020,유럽,감축,소계,160,54.0,15.0,"독일, 프랑스, 영국"
2020,북미,감축,소계,471,45.0,-100.0,"미국, 캐나다"
2020,중동,감축,소계,49,25.0,45.0,"UAE, 사우디아라비아"
2020,남미,감축,소계,99,-15.0,-60.0,"브라질, 아르헨티나"
2020,아프리카,감축,소계,237,0.0,20.0,"남아프리카공화국, 이집트"
2020,동남아시아,감축,소계,2271,10.0,110.0,"베트남, 태국, 인도네시아"
2020,중국,감축,소계,2465,35.0,104.0,중국
2020,일본,감축,소계,246,36.0,138.0,일본
2020,유럽,감축,소계,182,54.0,15.0,"독일, 프랑스, 영국"
2020,북미,감축,소계,581,45.0,-100.0,"미국, 캐나다"
2020,중동,감축,소계,69,25.0,45.0,"UAE, 사우디아라비아"
2020,남미,감축,소계,116,-15.0,-60.0,"브라질, 아르헨티나"
2020,아프리카,감축,소계,276,0.0,20.0,"남아프리카공화국, 이집트"
2020,동남아시아,감축,비재생에너지,29,10.0,110.0,"베트남, 태국, 인도네시아"
2020,중국,감축,비재생에너지,12,35.0,104.0,중국
2020,일본,감축,비재생에너지,3,36.0,138.0,일본
2020,유럽,감축,비재생에너지,0,54.0,15.0,"독일, 프랑스, 영국"
2020,북미,감축,비재생에너지,6,45.0,-100.0,"미국, 캐나다"
2020,중동,감축,비재생에너지,0,25.0,45.0,"UAE, 사우디아라비아"
2020,남미,감축,비재생에너지,21,-15.0,-60.0,"브라질, 아르헨티나"
2020,아프리카,감축,비재생에너지,4,0.0,20.0,"남아프리카공화국, 이집트"
2020,동남아시아,감축,비재생에너지,20,10.0,110.0,"베트남, 태국, 인도네시아"
2020,중국,감축,비재생에너지,28,35.0,104.0,중국
2020,일본,감축,비재생에너지,2,36.0,138.0,일본
2020,유럽,감축,비재생에너지,5,54.0,15.0,"독일, 프랑스, 영국"
2020,북미,감축,비재생에너지,2,45.0,-100.0,"미국, 캐나다"
2020,중동,감축,비재생에너지,0,25.0,45.0,"UAE, 사우디아라비아"
2020,남미,감축,비재생에너지,6,-15.0,-60.0,"브라질, 아르헨티나"
2020,아프리카,감축,비재생에너지,0,0.0,20.0,"남아프리카공화국, 이집트"
2020,동남아시아,감축,비재생에너지,49,10.0,110.0,"베트남, 태국, 인도네시아"
2020,중국,감축,비재생에너지,68,35.0,104.0,중국
2020,일본,감축,비재생에너지,2,36.0,138.0,일본
2020,유럽,감축,비재생에너지,6,54.0,15.0,"독일, 프랑스, 영국"
2020,북미,감축,비재생에너지,3,45.0,-100.0,"미국, 캐나다"
2020,중동,감축,비재생에너지,0,25.0,45.0,"UAE, 사우디아라비아"
2020,남미,감축,비재생에너지,5,-15.0,-60.0,"브라질, 아르헨티나"
2020,아프리카,감축,비재생에너지,0,0.0,20.0,"남아프리카공화국, 이집트"
2020,동남아시아,감축,재생에너지,460,10.0,110.0,"베트남, 태국, 인도네시아"
2020,중국,감축,재생에너지,524,35.0,104.0,중국
2020,일본,감축,재생에너지,22,36.0,138.0,일본
2020,유럽,감축,재생에너지,15,54.0,15.0,"독일, 프랑스, 영국"
2020,북미,감축,재생에너지,107,45.0,-100.0,"미국, 캐나다"
2020,중동,감축,재생에너지,14,25.0,45.0,"UAE, 사우디아라비아"
2020,남미,감축,재생에너지,10,-15.0,-60.0,"브라질, 아르헨티나"
2020,아프리카,감축,재생에너지,48,0.0,20.0,"남아프리카공화국, 이집트"
2020,동남아시아,감축,재생에너지,515,10.0,110.0,"베트남, 태국, 인도네시아"
2020,중국,감축,재생에너지,638,35.0,104.0,중국
2020,일본,감축,재생에너지,38,36.0,138.0,일본
2020,유럽,감축,재생에너지,15,54.0,15.0,"독일, 프랑스, 영국"
2020,북미,감축,재생에너지,116,45.0,-100.0,"미국, 캐나다"
2020,중동,감축,재생에너지,8,25.0,45.0,"UAE, 사우디아라비아"
2020,남미,감축,재생에너지,15,-15.0,-60.0,"브라질, 아르헨티나"
2020,아프리카,감축,재생에너지,30,0.0,20.0,"남아프리카공화국, 이집트"
2020,동남아시아,감축,재생에너지,597,10.0,110.0,"베트남, 태국, 인도네시아"
2020,중국,감축,재생에너지,698,35.0,104.0,중국
2020,일본,감축,재생에너지,44,36.0,138.0,일본
2020,유럽,감축,재생에너지,14,54.0,15.0,"독일, 프랑스, 영국"
2020,북미,감축,재생에너지,139,45.0,-100.0,"미국, 캐나다"
2020,중동,감축,재생에너지,2,25.0,45.0,"UAE, 사우디아라비아"
2020,남미,감축,재생에너지,17,-15.0,-60.0,"브라질, 아르헨티나"
2020,아프리카,감축,재생에너지,40,0.0,20.0,"남아프리카공화국, 이집트"
2020,동남아시아,감축,신에너지,50,10.0,110.0,"베트남, 태국, 인도네시아"
2020,중국,감축,신에너지,44,35.0,104.0,중국
2020,일본,감축,신에너지,4,36.0,138.0,일본
2020,유럽,감축,신에너지,4,54.0,15.0,"독일, 프랑스, 영국"
2020,북미,감축,신에너지,22,45.0,-100.0,"미국, 캐나다"
2020,중동,감축,신에너지,0,25.0,45.0,"UAE, 사우디아라비아"
2020,남미,감축,신에너지,4,-15.0,-60.0,"브라질, 아르헨티나"
2020,아프리카,감축,신에너지,13,0.0,20.0,"남아프리카공화국, 이집트"
2020,동남아시아,감축,신에너지,58,10.0,110.0,"베트남, 태국, 인도네시아"
2020,중국,감축,신에너지,79,35.0,104.0,중국
2020,일본,감축,신에너지,22,36.0,138.0,일본
2020,유럽,감축,신에너지,15,54.0,15.0,"독일, 프랑스, 영국"
2020,북미,감축,신에너지,28,45.0,-100.0,"미국, 캐나다"
2020,중동,감축,신에너지,9,25.0,45.0,"UAE, 사우디아라비아"
2020,남미,감축,신에너지,5,-15.0,-60.0,"브라질, 아르헨티나"
2020,아프리카,감축,신에너지,3,0.0,20.0,"남아프리카공화국, 이집트"
2020,동남아시아,감축,신에너지,84,10.0,110.0,"베트남, 태국, 인도네시아"
2020,중국,감축,신에너지,114,35.0,104.0,중국
2020,일본,감축,신에너지,27,36.0,138.0,일본
2020,유럽,감축,신에너지,16,54.0,15.0,"독일, 프랑스, 영국"
2020,북미,감축,신에너지,44,45.0,-100.0,"미국, 캐나다"
2020,중동,감축,신에너지,18,25.0,45.0,"UAE, 사우디아라비아"
2020,남미,감축,신에너지,9,-15.0,-60.0,"브라질, 아르헨티나"
2020,아프리카,감축,신에너지,2,0.0,20.0,"남아프리카공화국, 이집트"
2020,동남아시아,감축,에너지저장,226,10.0,110.0,"베트남, 태국, 인도네시아"
2020,중국,감축,에너지저장,181,35.0,104.0,중국
2020,일본,감축,에너지저장,6,36.0,138.0,일본
2020,유럽,감축,에너지저장,22,54.0,15.0,"독일, 프랑스, 영국"
2020,북미,감축,에너지저장,59,45.0,-100.0,"미국, 캐나다"
2020,중동,감축,에너지저장,7,25.0,45.0,"UAE, 사우디아라비아"
2020,남미,감축,에너지저장,9,-15.0,-60.0,"브라질, 아르헨티나"
2020,아프리카,감축,에너지저장,68,0.0,20.0,"남아프리카공화국, 이집트"
2020,동남아시아,감축,에너지저장,246,10.0,110.0,"베트남, 태국, 인도네시아"
2020,중국,감축,에너지저장,229,35.0,104.0,중국
2020,일본,감축,에너지저장,17,36.0,138.0,일본
2020,유럽,감축,에너지저장,21,54.0,15.0,"독일, 프랑스, 영국"
2020,북미,감축,에너지저장,73,45.0,-100.0,"미국, 캐나다"
2020,중동,감축,에너지저장,6,25.0,45.0,"UAE, 사우디아라비아"
2020,남미,감축,에너지저장,9,-15.0,-60.0,"브라질, 아르헨티나"
2020,아프리카,감축,에너지저장,57,0.0,20.0,"남아프리카공화국, 이집트"
2020,동남아시아,감축,에너지저장,284,10.0,110.0,"베트남, 태국, 인도네시아"
2020,중국,감축,에너지저장,293,35.0,104.0,중국
2020,일본,감축,에너지저장,31,36.0,138.0,일본
2020,유럽,감축,에너지저장,25,54.0,15.0,"독일, 프랑스, 영국"
2020,북미,감축,에너지저장,84,45.0,-100.0,"미국, 캐나다"
2020,중동,감축,에너지저장,13,25.0,45.0,"UAE, 사우디아라비아"
2020,남미,감축,에너지저장,10,-15.0,-60.0,"브라질, 아르헨티나"
2020,아프리카,감축,에너지저장,54,0.0,20.0,"남아프리카공화국, 이집트"
2020,동남아시아,감축,송배전&전력IT,77,10.0,110.0,"베트남, 태국, 인도네시아"
2020,중국,감축,송배전&전력IT,56,35.0,104.0,중국
2020,일본,감축,송배전&전력IT,6,36.0,138.0,일본
2020,유럽,감축,송배전&전력IT,8,54.0,15.0,"독일, 프랑스, 영국"
2020,북미,감축,송배전&전력IT,33,45.0,-100.0,"미국, 캐나다"
2020,중동,감축,송배전&전력IT,0,25.0,45.0,"UAE, 사우디아라비아"
2020,남미,감축,송배전&전력IT,0,-15.0,-60.0,"브라질, 아르헨티나"
2020,아프리카,감축,송배전&전력IT,22,0.0,20.0,"남아프리카공화국, 이집트"
2020,동남아시아,감축,송배전&전력IT,135,10.0,110.0,"베트남, 태국, 인도네시아"
2020,중국,감축,송배전&전력IT,154,35.0,104.0,중국
2020,일본,감축,송배전&전력IT,45,36.0,138.0,일본
2020,유럽,감축,송배전&전력IT,25,54.0,15.0,"독일, 프랑스, 영국"
2020,북미,감축,송배전&전력IT,40,45.0,-100.0,"미국, 캐나다"
2020,중동,감축,송배전&전력IT,0,25.0,45.0,"UAE, 사우디아라비아"
2020,남미,감축,송배전&전력IT,9,-15.0,-60.0,"브라질, 아르헨티나"
2020,아프리카,감축,송배전&전력IT,2,0.0,20.0,"남아프리카공화국, 이집트"
2020,동남아시아,감축,송배전&전력IT,175,10.0,110.0,"베트남, 태국, 인도네시아"
2020,중국,감축,송배전&전력IT,183,35.0,104.0,중국
2020,일본,감축,송배전&전력IT,68,36.0,138.0,일본
2020,유럽,감축,송배전&전력IT,30,54.0,15.0,"독일, 프랑스, 영국"
2020,북미,감축,송배전&전력IT,57,45.0,-100.0,"미국, 캐나다"
2020,중동,감축,송배전&전력IT,0,25.0,45.0,"UAE, 사우디아라비아"
2020,남미,감축,송배전&전력IT,13,-15.0,-60.0,"브라질, 아르헨티나"
2020,아프리카,감축,송배전&전력IT,8,0.0,20.0,"남아프리카공화국, 이집트"
2020,동남아시아,감축,에너지수요,830,10.0,110.0,"베트남, 태국, 인도네시아"
2020,중국,감축,에너지수요,742,35.0,104.0,중국
2020,일본,감축,에너지수요,35,36.0,138.0,일본
2020,유럽,감축,에너지수요,74,54.0,15.0,"독일, 프랑스, 영국"
2020,북미,감축,에너지수요,193,45.0,-100.0,"미국, 캐나다"
2020,중동,감축,에너지수요,12,25.0,45.0,"UAE, 사우디아라비아"
2020,남미,감축,에너지수요,28,-15.0,-60.0,"브라질, 아르헨티나"
2020,아프리카,감축,에너지수요,190,0.0,20.0,"남아프리카공화국, 이집트"
2020,동남아시아,감축,에너지수요,883,10.0,110.0,"베트남, 태국, 인도네시아"
2020,중국,감축,에너지수요,923,35.0,104.0,중국
2020,일본,감축,에너지수요,51,36.0,138.0,일본
2020,유럽,감축,에너지수요,79,54.0,15.0,"독일, 프랑스, 영국"
2020,북미,감축,에너지수요,207,45.0,-100.0,"미국, 캐나다"
2020,중동,감축,에너지수요,26,25.0,45.0,"UAE, 사우디아라비아"
2020,남미,감축,에너지수요,47,-15.0,-60.0,"브라질, 아르헨티나"
2020,아프리카,감축,에너지수요,146,0.0,20.0,"남아프리카공화국, 이집트"
2020,동남아시아,감축,에너지수요,1057,10.0,110.0,"베트남, 태국, 인도네시아"
2020,중국,감축,에너지수요,1082,35.0,104.0,중국
2020,일본,감축,에너지수요,72,36.0,138.0,일본
2020,유럽,감축,에너지수요,90,54.0,15.0,"독일, 프랑스, 영국"
2020,북미,감축,에너지수요,247,45.0,-100.0,"미국, 캐나다"
2020,중동,감축,에너지수요,37,25.0,45.0,"UAE, 사우디아라비아"
2020,남미,감축,에너지수요,53,-15.0,-60.0,"브라질, 아르헨티나"
2020,아프리카,감축,에너지수요,171,0.0,20.0,"남아프리카공화국, 이집트"
2020,동남아시아,감축,온실가스 고정,24,10.0,110.0,"베트남, 태국, 인도네시아"
2020,중국,감축,온실가스 고정,21,35.0,104.0,중국
2020,일본,감축,온실가스 고정,0,36.0,138.0,일본
2020,유럽,감축,온실가스 고정,0,54.0,15.0,"독일, 프랑스, 영국"
2020,북미,감축,온실가스 고정,5,45.0,-100.0,"미국, 캐나다"
2020,중동,감축,온실가스 고정,0,25.0,45.0,"UAE, 사우디아라비아"
2020,남미,감축,온실가스 고정,3,-15.0,-60.0,"브라질, 아르헨티나"
2020,아프리카,감축,온실가스 고정,0,0.0,20.0,"남아프리카공화국, 이집트"
2020,동남아시아,감축,온실가스 고정,19,10.0,110.0,"베트남, 태국, 인도네시아"
2020,중국,감축,온실가스 고정,19,35.0,104.0,중국
2020,일본,감축,온실가스 고정,3,36.0,138.0,일본
2020,유럽,감축,온실가스 고정,0,54.0,15.0,"독일, 프랑스, 영국"
2020,북미,감축,온실가스 고정,5,45.0,-100.0,"미국, 캐나다"
2020,중동,감축,온실가스 고정,0,25.0,45.0,"UAE, 사우디아라비아"
2020,남미,감축,온실가스 고정,8,-15.0,-60.0,"브라질, 아르헨티나"
2020,아프리카,감축,온실가스 고정,0,0.0,20.0,"남아프리카공화국, 이집트"
2020,동남아시아,감축,온실가스 고정,24,10.0,110.0,"베트남, 태국, 인도네시아"
2020,중국,감축,온실가스 고정,28,35.0,104.0,중국
2020,일본,감축,온실가스 고정,3,36.0,138.0,일본
2020,유럽,감축,온실가스 고정,0,54.0,15.0,"독일, 프랑스, 영국"
2020,북미,감축,온실가스 고정,8,45.0,-100.0,"미국, 캐나다"
2020,중동,감축,온실가스 고정,0,25.0,45.0,"UAE, 사우디아라비아"
2020,남미,감축,온실가스 고정,9,-15.0,-60.0,"브라질, 아르헨티나"
2020,아프리카,감축,온실가스 고정,0,0.0,20.0,"남아프리카공화국, 이집트"
2020,동남아시아,적응,소계,225,10.0,110.0,"베트남, 태국, 인도네시아"
2020,중국,적응,소계,190,35.0,104.0,중국
2020,일본,적응,소계,11,36.0,138.0,일본
2020,유럽,적응,소계,21,54.0,15.0,"독일, 프랑스, 영국"
2020,북미,적응,소계,43,45.0,-100.0,"미국, 캐나다"
2020,중동,적응,소계,11,25.0,45.0,"UAE, 사우디아라비아"
2020,남미,적응,소계,10,-15.0,-60.0,"브라질, 아르헨티나"
2020,아프리카,적응,소계,55,0.0,20.0,"남아프리카공화국, 이집트"
2020,동남아시아,적응,소계,354,10.0,110.0,"베트남, 태국, 인도네시아"
2020,중국,적응,소계,392,35.0,104.0,중국
2020,일본,적응,소계,26,36.0,138.0,일본
2020,유럽,적응,소계,29,54.0,15.0,"독일, 프랑스, 영국"
2020,북미,적응,소계,72,45.0,-100.0,"미국, 캐나다"
2020,중동,적응,소계,25,25.0,45.0,"UAE, 사우디아라비아"
2020,남미,적응,소계,24,-15.0,-60.0,"브라질, 아르헨티나"
2020,아프리카,적응,소계,70,0.0,20.0,"남아프리카공화국, 이집트"
2020,동남아시아,적응,소계,495,10.0,110.0,"베트남, 태국, 인도네시아"
2020,중국,적응,소계,602,35.0,104.0,중국
2020,일본,적응,소계,42,36.0,138.0,일본
2020,유럽,적응,소계,35,54.0,15.0,"독일, 프랑스, 영국"
2020,북미,적응,소계,110,45.0,-100.0,"미국, 캐나다"
2020,중동,적응,소계,33,25.0,45.0,"UAE, 사우디아라비아"
2020,남미,적응,소계,34,-15.0,-60.0,"브라질, 아르헨티나"
2020,아프리카,적응,소계,69,0.0,20.0,"남아프리카공화국, 이집트"
2020,동남아시아,적응,농업&축산,107,10.0,110.0,"베트남, 태국, 인도네시아"
2020,중국,적응,농업&축산,84,35.0,104.0,중국
2020,일본,적응,농업&축산,3,36.0,138.0,일본
2020,유럽,적응,농업&축산,15,54.0,15.0,"독일, 프랑스, 영국"
2020,북미,적응,농업&축산,30,45.0,-100.0,"미국, 캐나다"
2020,중동,적응,농업&축산,7,25.0,45.0,"UAE, 사우디아라비아"
2020,남미,적응,농업&축산,2,-15.0,-60.0,"브라질, 아르헨티나"
2020,아프리카,적응,농업&축산,32,0.0,20.0,"남아프리카공화국, 이집트"
2020,동남아시아,적응,농업&축산,160,10.0,110.0,"베트남, 태국, 인도네시아"
2020,중국,적응,농업&축산,156,35.0,104.0,중국
2020,일본,적응,농업&축산,10,36.0,138.0,일본
2020,유럽,적응,농업&축산,19,54.0,15.0,"독일, 프랑스, 영국"
2020,북미,적응,농업&축산,45,45.0,-100.0,"미국, 캐나다"
2020,중동,적응,농업&축산,5,25.0,45.0,"UAE, 사우디아라비아"
2020,남미,적응,농업&축산,2,-15.0,-60.0,"브라질, 아르헨티나"
2020,아프리카,적응,농업&축산,45,0.0,20.0,"남아프리카공화국, 이집트"
2020,동남아시아,적응,농업&축산,207,10.0,110.0,"베트남, 태국, 인도네시아"
2020,중국,적응,농업&축산,226,35.0,104.0,중국
2020,일본,적응,농업&축산,17,36.0,138.0,일본
2020,유럽,적응,농업&축산,18,54.0,15.0,"독일, 프랑스, 영국"
2020,북미,적응,농업&축산,55,45.0,-100.0,"미국, 캐나다"
2020,중동,적응,농업&축산,9,25.0,45.0,"UAE, 사우디아라비아"
2020,남미,적응,농업&축산,5,-15.0,-60.0,"브라질, 아르헨티나"
2020,아프리카,적응,농업&축산,44,0.0,20.0,"남아프리카공화국, 이집트"
2020,동남아시아,적응,물관리,118,10.0,110.0,"베트남, 태국, 인도네시아"
2020,중국,적응,물관리,106,35.0,104.0,중국
2020,일본,적응,물관리,8,36.0,138.0,일본
2020,유럽,적응,물관리,6,54.0,15.0,"독일, 프랑스, 영국"
2020,북미,적응,물관리,13,45.0,-100.0,"미국, 캐나다"
2020,중동,적응,물관리,4,25.0,45.0,"UAE, 사우디아라비아"
2020,남미,적응,물관리,9,-15.0,-60.0,"브라질, 아르헨티나"
2020,아프리카,적응,물관리,23,0.0,20.0,"남아프리카공화국, 이집트"
2020,동남아시아,적응,물관리,158,10.0,110.0,"베트남, 태국, 인도네시아"
2020,중국,적응,물관리,165,35.0,104.0,중국
2020,일본,적응,물관리,8,36.0,138.0,일본
2020,유럽,적응,물관리,11,54.0,15.0,"독일, 프랑스, 영국"
2020,북미,적응,물관리,15,45.0,-100.0,"미국, 캐나다"
2020,중동,적응,물관리,10,25.0,45.0,"UAE, 사우디아라비아"
2020,남미,적응,물관리,18,-15.0,-60.0,"브라질, 아르헨티나"
2020,아프리카,적응,물관리,25,0.0,20.0,"남아프리카공화국, 이집트"
2020,동남아시아,적응,물관리,219,10.0,110.0,"베트남, 태국, 인도네시아"
2020,중국,적응,물관리,260,35.0,104.0,중국
2020,일본,적응,물관리,9,36.0,138.0,일본
2020,유럽,적응,물관리,14,54.0,15.0,"독일, 프랑스, 영국"
2020,북미,적응,물관리,28,45.0,-100.0,"미국, 캐나다"
2020,중동,적응,물관리,14,25.0,45.0,"UAE, 사우디아라비아"
2020,남미,적응,물관리,22,-15.0,-60.0,"브라질, 아르헨티나"
2020,아프리카,적응,물관리,25,0.0,20.0,"남아프리카공화국, 이집트"
2020,동남아시아,적응,예측･모니터링,11,10.0,110.0,"베트남, 태국, 인도네시아"
2020,중국,적응,예측･모니터링,18,35.0,104.0,중국
2020,일본,적응,예측･모니터링,2,36.0,138.0,일본
2020,유럽,적응,예측･모니터링,0,54.0,15.0,"독일, 프랑스, 영국"
2020,북미,적응,예측･모니터링,3,45.0,-100.0,"미국, 캐나다"
2020,중동,적응,예측･모니터링,0,25.0,45.0,"UAE, 사우디아라비아"
2020,남미,적응,예측･모니터링,2,-15.0,-60.0,"브라질, 아르헨티나"
2020,아프리카,적응,예측･모니터링,0,0.0,20.0,"남아프리카공화국, 이집트"
2020,동남아시아,적응,예측･모니터링,24,10.0,110.0,"베트남, 태국, 인도네시아"
2020,중국,적응,예측･모니터링,39,35.0,104.0,중국
2020,일본,적응,예측･모니터링,2,36.0,138.0,일본
2020,유럽,적응,예측･모니터링,0,54.0,15.0,"독일, 프랑스, 영국"
2020,북미,적응,예측･모니터링,6,45.0,-100.0,"미국, 캐나다"
2020,중동,적응,예측･모니터링,0,25.0,45.0,"UAE, 사우디아라비아"
2020,남미,적응,예측･모니터링,2,-15.0,-60.0,"브라질, 아르헨티나"
2020,아프리카,적응,예측･모니터링,0,0.0,20.0,"남아프리카공화국, 이집트"
2020,동남아시아,적응,해양수산연안,8,10.0,110.0,"베트남, 태국, 인도네시아"
2020,중국,적응,해양수산연안,15,35.0,104.0,중국
2020,일본,적응,해양수산연안,0,36.0,138.0,일본
2020,유럽,적응,해양수산연안,0,54.0,15.0,"독일, 프랑스, 영국"
2020,북미,적응,해양수산연안,1,45.0,-100.0,"미국, 캐나다"
2020,중동,적응,해양수산연안,3,25.0,45.0,"UAE, 사우디아라비아"
2020,남미,적응,해양수산연안,0,-15.0,-60.0,"브라질, 아르헨티나"
2020,아프리카,적응,해양수산연안,0,0.0,20.0,"남아프리카공화국, 이집트"
2020,동남아시아,적응,해양수산연안,7,10.0,110.0,"베트남, 태국, 인도네시아"
2020,중국,적응,해양수산연안,17,35.0,104.0,중국
2020,일본,적응,해양수산연안,0,36.0,138.0,일본
2020,유럽,적응,해양수산연안,0,54.0,15.0,"독일, 프랑스, 영국"
2020,북미,적응,해양수산연안,2,45.0,-100.0,"미국, 캐나다"
2020,중동,적응,해양수산연안,3,25.0,45.0,"UAE, 사우디아라비아"
2020,남미,적응,해양수산연안,0,-15.0,-60.0,"브라질, 아르헨티나"
2020,아프리카,적응,해양수산연안,0,0.0,20.0,"남아프리카공화국, 이집트"
2020,동남아시아,적응,건강,18,10.0,110.0,"베트남, 태국, 인도네시아"
2020,중국,적응,건강,38,35.0,104.0,중국
2020,일본,적응,건강,5,36.0,138.0,일본
2020,유럽,적응,건강,0,54.0,15.0,"독일, 프랑스, 영국"
2020,북미,적응,건강,7,45.0,-100.0,"미국, 캐나다"
2020,중동,적응,건강,7,25.0,45.0,"UAE, 사우디아라비아"
2020,남미,적응,건강,2,-15.0,-60.0,"브라질, 아르헨티나"
2020,아프리카,적응,건강,0,0.0,20.0,"남아프리카공화국, 이집트"
2020,동남아시아,적응,건강,36,10.0,110.0,"베트남, 태국, 인도네시아"
2020,중국,적응,건강,54,35.0,104.0,중국
2020,일본,적응,건강,14,36.0,138.0,일본
2020,유럽,적응,건강,2,54.0,15.0,"독일, 프랑스, 영국"
2020,북미,적응,건강,16,45.0,-100.0,"미국, 캐나다"
2020,중동,적응,건강,6,25.0,45.0,"UAE, 사우디아라비아"
2020,남미,적응,건강,4,-15.0,-60.0,"브라질, 아르헨티나"
2020,아프리카,적응,건강,0,0.0,20.0,"남아프리카공화국, 이집트"
2020,중국,적응,산림육상,0,35.0,104.0,중국
2020,일본,적응,산림육상,0,36.0,138.0,일본
2020,유럽,적응,산림육상,0,54.0,15.0,"독일, 프랑스, 영국"
2020,북미,적응,산림육상,0,45.0,-100.0,"미국, 캐나다"
2020,중동,적응,산림육상,0,25.0,45.0,"UAE, 사우디아라비아"
2020,남미,적응,산림육상,0,-15.0,-60.0,"브라질, 아르헨티나"
2020,아프리카,적응,산림육상,0,0.0,20.0,"남아프리카공화국, 이집트"
2020,동남아시아,적응,산림육상,2,10.0,110.0,"베트남, 태국, 인도네시아"
2020,중국,적응,산림육상,5,35.0,104.0,중국
2020,일본,적응,산림육상,0,36.0,138.0,일본
2020,유럽,적응,산림육상,0,54.0,15.0,"독일, 프랑스, 영국"
2020,북미,적응,산림육상,2,45.0,-100.0,"미국, 캐나다"
2020,중동,적응,산림육상,0,25.0,45.0,"UAE, 사우디아라비아"
2020,남미,적응,산림육상,0,-15.0,-60.0,"브라질, 아르헨티나"
2020,아프리카,적응,산림육상,0,0.0,20.0,"남아프리카공화국, 이집트"
2020,동남아시아,융복합,소계,60,10.0,110.0,"베트남, 태국, 인도네시아"
2020,중국,융복합,소계,43,35.0,104.0,중국
2020,일본,융복합,소계,0,36.0,138.0,일본
2020,유럽,융복합,소계,0,54.0,15.0,"독일, 프랑스, 영국"
2020,북미,융복합,소계,17,45.0,-100.0,"미국, 캐나다"
2020,중동,융복합,소계,10,25.0,45.0,"UAE, 사우디아라비아"
2020,남미,융복합,소계,3,-15.0,-60.0,"브라질, 아르헨티나"
2020,아프리카,융복합,소계,11,0.0,20.0,"남아프리카공화국, 이집트"
2020,동남아시아,융복합,소계,66,10.0,110.0,"베트남, 태국, 인도네시아"
2020,중국,융복합,소계,56,35.0,104.0,중국
2020,일본,융복합,소계,2,36.0,138.0,일본
2020,유럽,융복합,소계,0,54.0,15.0,"독일, 프랑스, 영국"
2020,북미,융복합,소계,20,45.0,-100.0,"미국, 캐나다"
2020,중동,융복합,소계,10,25.0,45.0,"UAE, 사우디아라비아"
2020,남미,융복합,소계,3,-15.0,-60.0,"브라질, 아르헨티나"
2020,아프리카,융복합,소계,10,0.0,20.0,"남아프리카공화국, 이집트"
2020,동남아시아,융복합,소계,106,10.0,110.0,"베트남, 태국, 인도네시아"
2020,중국,융복합,소계,100,35.0,104.0,중국
2020,일본,융복합,소계,19,36.0,138.0,일본
2020,유럽,융복합,소계,0,54.0,15.0,"독일, 프랑스, 영국"
2020,북미,융복합,소계,40,45.0,-100.0,"미국, 캐나다"
2020,중동,융복합,소계,15,25.0,45.0,"UAE, 사우디아라비아"
2020,남미,융복합,소계,10,-15.0,-60.0,"브라질, 아르헨티나"
2020,아프리카,융복합,소계,11,0.0,20.0,"남아프리카공화국, 이집트"
2020,동남아시아,융복합,감축 및 적응 융복합,60,10.0,110.0,"베트남, 태국, 인도네시아"
2020,중국,융복합,감축 및 적응 융복합,43,35.0,104.0,중국
2020,일본,융복합,감축 및 적응 융복합,0,36.0,138.0,일본
2020,유럽,융복합,감축 및 적응 융복합,0,54.0,15.0,"독일, 프랑스, 영국"
2020,북미,융복합,감축 및 적응 융복합,17,45.0,-100.0,"미국, 캐나다"
2020,중동,융복합,감축 및 적응 융복합,10,25.0,45.0,"UAE, 사우디아라비아"
2020,남미,융복합,감축 및 적응 융복합,3,-15.0,-60.0,"브라질, 아르헨티나"
2020,아프리카,융복합,감축 및 적응 융복합,11,0.0,20.0,"남아프리카공화국, 이집트"
2020,동남아시아,융복합,감축 및 적응 융복합,66,10.0,110.0,"베트남, 태국, 인도네시아"
2020,중국,융복합,감축 및 적응 융복합,56,35.0,104.0,중국
2020,일본,융복합,감축 및 적응 융복합,2,36.0,138.0,일본
2020,유럽,융복합,감축 및 적응 융복합,0,54.0,15.0,"독일, 프랑스, 영국"
2020,북미,융복합,감축 및 적응 융복합,20,45.0,-100.0,"미국, 캐나다"
2020,중동,융복합,감축 및 적응 융복합,10,25.0,45.0,"UAE, 사우디아라비아"
2020,남미,융복합,감축 및 적응 융복합,3,-15.0,-60.0,"브라질, 아르헨티나"
2020,아프리카,융복합,감축 및 적응 융복합,10,0.0,20.0,"남아프리카공화국, 이집트"
2020,동남아시아,융복합,감축 및 적응 융복합,106,10.0,110.0,"베트남, 태국, 인도네시아"
2020,중국,융복합,감축 및 적응 융복합,100,35.0,104.0,중국
2020,일본,융복합,감축 및 적응 융복합,19,36.0,138.0,일본
2020,유럽,융복합,감축 및 적응 융복합,0,54.0,15.0,"독일, 프랑스, 영국"
2020,북미,융복합,감축 및 적응 융복합,40,45.0,-100.0,"미국, 캐나다"
2020,중동,융복합,감축 및 적응 융복합,15,25.0,45.0,"UAE, 사우디아라비아"
2020,남미,융복합,감축 및 적응 융복합,10,-15.0,-60.0,"브라질, 아르헨티나"
2020,아프리카,융복합,감축 및 적응 융복합,11,0.0,20.0,"남아프리카공화국, 이집트"
